id_individual,HI,Demons_HI_forage,HI_Order_acquisition,Mom_known
AAN,no,NA,NA,yes
ABB,no,NA,NA,no
ABE,yes,yes,64,no
ABS,yes,yes,31,no
ACA,no,NA,NA,no
ACD,no,NA,NA,no
ADA,no,NA,NA,yes
ADM,no,NA,NA,no
ADR,no,NA,NA,no
AEN,no,NA,NA,no
AID,no,NA,NA,no
AIN,no,NA,NA,no
AJA,yes,yes,43,no
AKA,no,NA,NA,no
ALA,no,NA,NA,no
ALE,no,NA,NA,no
ALI,no,NA,NA,no
ALL,no,NA,NA,no
ALM,no,NA,NA,yes
ALN,no,NA,NA,yes
AMA,no,NA,NA,no
AME,no,NA,NA,no
AMI,no,NA,NA,no
AMP,no,NA,NA,no
AMY,no,NA,NA,no
AND,no,NA,NA,no
ANG,no,NA,NA,no
ANI,no,NA,NA,yes
ANJ,no,NA,NA,no
ANN,no,NA,NA,no
ANS,no,NA,NA,yes
APP,no,NA,NA,no
APR,no,NA,NA,no
AQU,no,NA,NA,yes
ARA,no,NA,NA,no
ARC,no,NA,NA,no
ARI,no,NA,NA,no
ARL,yes,yes,62,no
ARM,no,NA,NA,yes
ARN,no,NA,NA,no
ART,no,NA,NA,yes
ASH,no,NA,NA,no
AST,no,NA,NA,no
ATH,no,NA,NA,no
ATI,yes,yes,37,no
AUG,no,NA,NA,no
AUS,no,NA,NA,no
AXE,no,NA,NA,no
BAA,no,NA,NA,no
BAB,no,NA,NA,no
BAC,no,NA,NA,no
BAD,no,NA,NA,yes
BAI,yes,yes,19,no
BAK,no,NA,NA,no
BAN,no,NA,NA,no
BAQ,no,NA,NA,no
BAR,no,NA,NA,no
BAS,no,NA,NA,no
BAT,no,NA,NA,no
BAU,no,NA,NA,no
BBO,no,NA,NA,no
BBR,no,NA,NA,no
BCD,yes,yes,51,no
BDO,no,NA,NA,yes
BDR,no,NA,NA,no
BEA,no,NA,NA,no
BEC,no,NA,NA,no
BEE,no,NA,NA,yes
BEL,no,NA,NA,yes
BEM,no,NA,NA,yes
BEN,no,NA,NA,no
BER,no,NA,NA,yes
BET,no,NA,NA,no
BEV,no,NA,NA,no
BFY,no,NA,NA,no
BIA,no,NA,NA,no
BIE,no,NA,NA,no
BIG,no,NA,NA,no
BIL,yes,yes,29,yes
BIT,no,NA,NA,yes
BJA,no,NA,NA,no
BJL,yes,yes,74,yes
BJO,no,NA,NA,yes
BKE,no,NA,NA,no
BLA,no,NA,NA,no
BLH,no,NA,NA,yes
BLK,no,NA,NA,yes
BLO,yes,no,70,yes
BLP,no,NA,NA,no
BLS,no,NA,NA,yes
BLT,no,NA,NA,no
BLU,no,NA,NA,no
BLW,no,NA,NA,no
BNA,no,NA,NA,no
BND,no,NA,NA,yes
BNG,no,NA,NA,yes
BNJ,no,NA,NA,yes
BNN,no,NA,NA,no
BNO,yes,no,71,no
BOA,no,NA,NA,yes
BOB,no,NA,NA,yes
BOE,no,NA,NA,yes
BOG,no,NA,NA,yes
BON,yes,yes,36,no
BOO,no,NA,NA,no
BOR,no,NA,NA,no
BOS,no,NA,NA,no
BOT,no,NA,NA,no
BOU,no,NA,NA,yes
BOV,no,NA,NA,yes
BOW,no,NA,NA,no
BOZ,no,NA,NA,no
BRA,no,NA,NA,yes
BRB,no,NA,NA,yes
BRC,no,NA,NA,no
BRD,no,NA,NA,no
BRE,no,NA,NA,no
BRF,no,NA,NA,yes
BRG,no,NA,NA,no
BRH,no,NA,NA,no
BRI,no,NA,NA,no
BRK,no,NA,NA,no
BRL,no,NA,NA,yes
BRN,yes,yes,28,no
BRO,no,NA,NA,no
BRR,no,NA,NA,no
BRT,no,NA,NA,no
BRU,no,NA,NA,no
BRW,no,NA,NA,yes
BRY,no,NA,NA,no
BRZ,no,NA,NA,yes
BSH,yes,yes,56,no
BTI,no,NA,NA,no
BTL,no,NA,NA,yes
BTS,no,NA,NA,no
BTY,no,NA,NA,no
BUA,no,NA,NA,no
BUB,no,NA,NA,yes
BUC,yes,yes,57,no
BUE,no,NA,NA,no
BUF,no,NA,NA,no
BUG,no,NA,NA,no
BUN,yes,yes,18,no
BUR,no,NA,NA,no
BUT,no,NA,NA,no
CAB,no,NA,NA,no
CAC,no,NA,NA,no
CAI,no,NA,NA,no
CAK,no,NA,NA,no
CAL,no,NA,NA,no
CAN,no,NA,NA,yes
CAO,no,NA,NA,no
CAP,no,NA,NA,no
CAR,no,NA,NA,yes
CAS,no,NA,NA,no
CAT,no,NA,NA,no
CCD,no,NA,NA,yes
CCO,no,NA,NA,yes
CEA,no,NA,NA,no
CEL,no,NA,NA,no
CER,no,NA,NA,yes
CES,no,NA,NA,yes
CGH,no,NA,NA,no
CHA,no,NA,NA,no
CHE,no,NA,NA,no
CHI,no,NA,NA,no
CHK,no,NA,NA,no
CHL,no,NA,NA,no
CHO,no,NA,NA,no
CHP,no,NA,NA,no
CHR,no,NA,NA,no
CHS,no,NA,NA,yes
CHY,no,NA,NA,no
CHZ,no,NA,NA,yes
CIL,no,NA,NA,yes
CIN,no,NA,NA,no
CIS,no,NA,NA,yes
CIT,no,NA,NA,yes
CLA,no,NA,NA,no
CLD,no,NA,NA,no
CLE,no,NA,NA,no
CLI,no,NA,NA,no
CLL,no,NA,NA,no
CLO,no,NA,NA,yes
CLR,no,NA,NA,no
CLU,no,NA,NA,no
CLV,no,NA,NA,no
CLY,no,NA,NA,yes
CNA,no,NA,NA,no
CNC,no,NA,NA,yes
CNN,no,NA,NA,no
CNO,no,NA,NA,no
CNR,no,NA,NA,no
CNT,yes,no,67,yes
CNY,yes,yes,54,no
COA,no,NA,NA,yes
COB,no,NA,NA,yes
COC,yes,yes,38,no
COI,no,NA,NA,yes
COL,no,NA,NA,yes
COM,no,NA,NA,yes
CON,no,NA,NA,no
COO,no,NA,NA,no
COR,yes,yes,13,no
COS,no,NA,NA,no
COU,no,NA,NA,yes
CPC,no,NA,NA,no
CPP,no,NA,NA,yes
CPS,no,NA,NA,no
CPT,no,NA,NA,no
CRA,no,NA,NA,no
CRB,no,NA,NA,yes
CRC,no,NA,NA,no
CRE,no,NA,NA,yes
CRI,no,NA,NA,no
CRK,no,NA,NA,yes
CRN,no,NA,NA,no
CRO,no,NA,NA,no
CRP,no,NA,NA,no
CRR,no,NA,NA,yes
CRS,no,NA,NA,no
CRT,yes,no,66,yes
CRY,no,NA,NA,no
CSS,no,NA,NA,no
CTE,no,NA,NA,no
CTO,no,NA,NA,yes
CTR,no,NA,NA,yes
CUB,yes,yes,11,no
CUE,no,NA,NA,yes
CUR,no,NA,NA,no
CWD,no,NA,NA,no
DAB,no,NA,NA,no
DAI,yes,yes,4,no
DAL,no,NA,NA,no
DAM,no,NA,NA,no
DAN,no,NA,NA,no
DAR,no,NA,NA,no
DAV,no,NA,NA,no
DAW,no,NA,NA,no
DBD,no,NA,NA,no
DCO,no,NA,NA,no
DEB,no,NA,NA,no
DEC,no,NA,NA,no
DEF,no,NA,NA,no
DEI,no,NA,NA,yes
DEL,no,NA,NA,yes
DEM,no,NA,NA,no
DEN,no,NA,NA,no
DEP,yes,no,40,no
DER,no,NA,NA,no
DES,no,NA,NA,no
DET,no,NA,NA,no
DEV,no,NA,NA,yes
DEW,no,NA,NA,yes
DGG,no,NA,NA,no
DIA,no,NA,NA,no
DIC,no,NA,NA,no
DID,no,NA,NA,yes
DIE,no,NA,NA,no
DIG,no,NA,NA,no
DIN,no,NA,NA,no
DIR,no,NA,NA,no
DKM,no,NA,NA,yes
DLB,no,NA,NA,no
DLY,no,NA,NA,yes
DNI,no,NA,NA,no
DNK,no,NA,NA,yes
DNS,no,NA,NA,no
DOK,no,NA,NA,yes
DOL,no,NA,NA,no
DOM,no,NA,NA,no
DON,no,NA,NA,no
DOO,no,NA,NA,no
DOR,no,NA,NA,no
DOT,no,NA,NA,yes
DOU,no,NA,NA,no
DRA,no,NA,NA,no
DRC,no,NA,NA,no
DRG,no,NA,NA,no
DRO,no,NA,NA,no
DRP,no,NA,NA,yes
DRT,no,NA,NA,no
DSD,no,NA,NA,yes
DSK,no,NA,NA,yes
DSN,no,NA,NA,no
DSV,no,NA,NA,yes
DUB,no,NA,NA,yes
DUD,no,NA,NA,no
DUG,no,NA,NA,no
DUM,no,NA,NA,yes
DUN,yes,yes,59,no
DVD,no,NA,NA,no
DVI,no,NA,NA,yes
DVN,no,NA,NA,no
DXT,no,NA,NA,no
DYL,no,NA,NA,no
EAS,no,NA,NA,yes
EAZ,no,NA,NA,no
EEM,no,NA,NA,no
EEN,no,NA,NA,no
EIE,no,NA,NA,no
EIL,no,NA,NA,no
ELA,no,NA,NA,no
ELE,no,NA,NA,no
ELI,no,NA,NA,no
ELL,no,NA,NA,no
ELM,no,NA,NA,no
ELO,no,NA,NA,no
EMI,no,NA,NA,no
EMU,yes,yes,8,yes
END,no,NA,NA,yes
ERI,no,NA,NA,no
ESK,no,NA,NA,no
ESP,no,NA,NA,yes
ESS,no,NA,NA,no
EST,no,NA,NA,no
ETH,no,NA,NA,no
EUR,no,NA,NA,yes
EVE,yes,yes,30,no
EWE,no,NA,NA,no
EXP,yes,no,73,yes
FAB,no,NA,NA,yes
FAC,no,NA,NA,no
FAJ,yes,no,33,no
FAL,no,NA,NA,yes
FAV,no,NA,NA,no
FEL,no,NA,NA,no
FGL,no,NA,NA,no
FID,no,NA,NA,no
FIO,no,NA,NA,yes
FKS,no,NA,NA,yes
FKY,no,NA,NA,no
FLA,no,NA,NA,no
FLE,no,NA,NA,yes
FLI,no,NA,NA,no
FLM,no,NA,NA,no
FLO,no,NA,NA,no
FLP,no,NA,NA,no
FLX,no,NA,NA,no
FNA,no,NA,NA,yes
FOG,no,NA,NA,no
FOL,no,NA,NA,yes
FOO,no,NA,NA,no
FOR,no,NA,NA,no
FOS,no,NA,NA,yes
FRA,yes,no,22,no
FRD,no,NA,NA,no
FRE,no,NA,NA,yes
FRF,no,NA,NA,yes
FRI,no,NA,NA,no
FRK,no,NA,NA,no
FRN,no,NA,NA,no
FRO,no,NA,NA,no
FRU,no,NA,NA,yes
FRY,no,NA,NA,no
FRZ,no,NA,NA,no
FUL,no,NA,NA,no
FUN,no,NA,NA,no
FUS,no,NA,NA,no
FZZ,no,NA,NA,no
GAL,no,NA,NA,no
GAR,no,NA,NA,no
GEG,no,NA,NA,no
GEN,no,NA,NA,no
GER,no,NA,NA,yes
GHA,no,NA,NA,no
GHO,no,NA,NA,no
GIA,no,NA,NA,no
GIB,no,NA,NA,no
GIF,no,NA,NA,no
GIN,yes,yes,15,no
GIR,no,NA,NA,no
GIS,no,NA,NA,no
GLE,no,NA,NA,no
GMP,no,NA,NA,no
GNA,no,NA,NA,no
GNL,no,NA,NA,no
GNT,no,NA,NA,no
GOB,no,NA,NA,yes
GOL,no,NA,NA,no
GOM,no,NA,NA,no
GON,no,NA,NA,yes
GOR,no,NA,NA,no
GOY,no,NA,NA,yes
GPA,no,NA,NA,yes
GRA,no,NA,NA,yes
GRE,no,NA,NA,no
GRI,no,NA,NA,no
GRO,no,NA,NA,no
GRU,no,NA,NA,yes
GUA,no,NA,NA,yes
GUD,no,NA,NA,no
GUI,yes,yes,16,no
GUS,no,NA,NA,yes
GVY,no,NA,NA,no
GWE,no,NA,NA,yes
HAL,no,NA,NA,no
HAM,no,NA,NA,no
HAN,no,NA,NA,no
HAR,no,NA,NA,yes
HAS,no,NA,NA,no
HAT,no,NA,NA,no
HAV,yes,no,69,yes
HAW,no,NA,NA,yes
HAY,no,NA,NA,no
HAZ,no,NA,NA,yes
HEA,no,NA,NA,yes
HEE,no,NA,NA,yes
HEI,no,NA,NA,no
HEL,no,NA,NA,yes
HEN,no,NA,NA,no
HER,no,NA,NA,no
HFF,no,NA,NA,yes
HIE,no,NA,NA,no
HIL,no,NA,NA,no
HIO,no,NA,NA,no
HIP,yes,no,46,yes
HIR,no,NA,NA,no
HJA,no,NA,NA,no
HLI,no,NA,NA,no
HLM,no,NA,NA,yes
HMC,no,NA,NA,yes
HMS,no,NA,NA,no
HMT,no,NA,NA,no
HNF,no,NA,NA,yes
HNN,no,NA,NA,no
HOD,no,NA,NA,no
HOG,no,NA,NA,no
HOK,no,NA,NA,no
HOL,no,NA,NA,yes
HOM,no,NA,NA,yes
HON,no,NA,NA,no
HOO,no,NA,NA,yes
HOP,no,NA,NA,yes
HOY,no,NA,NA,no
HPS,no,NA,NA,yes
HRC,no,NA,NA,no
HRT,no,NA,NA,no
HTA,no,NA,NA,no
HTG,no,NA,NA,no
HUK,no,NA,NA,no
HUL,no,NA,NA,no
HZP,no,NA,NA,yes
ICE,yes,no,63,yes
IGL,no,NA,NA,no
IGO,no,NA,NA,no
ILE,no,NA,NA,no
IMP,no,NA,NA,no
IND,no,NA,NA,yes
ING,no,NA,NA,no
INS,no,NA,NA,yes
ION,no,NA,NA,yes
ISA,no,NA,NA,no
ITA,no,NA,NA,no
IVA,yes,yes,58,no
JAC,yes,yes,7,no
JAL,no,NA,NA,yes
JAM,no,NA,NA,yes
JAN,no,NA,NA,yes
JAY,no,NA,NA,no
JAZ,no,NA,NA,no
JCB,no,NA,NA,no
JCO,no,NA,NA,yes
JEF,no,NA,NA,no
JEN,no,NA,NA,no
JER,no,NA,NA,no
JES,no,NA,NA,yes
JEW,no,NA,NA,no
JIM,no,NA,NA,no
JKE,no,NA,NA,no
JLC,no,NA,NA,yes
JME,no,NA,NA,no
JMJ,no,NA,NA,no
JMS,no,NA,NA,no
JNE,no,NA,NA,no
JNO,no,NA,NA,no
JOB,no,NA,NA,no
JOC,no,NA,NA,no
JOE,no,NA,NA,no
JOH,no,NA,NA,yes
JOI,no,NA,NA,no
JOK,no,NA,NA,no
JOL,no,NA,NA,yes
JON,yes,no,61,no
JOR,no,NA,NA,no
JOS,no,NA,NA,no
JOU,no,NA,NA,no
JSH,no,NA,NA,yes
JUA,no,NA,NA,no
JUC,no,NA,NA,yes
JUD,no,NA,NA,no
JUF,no,NA,NA,no
JUI,no,NA,NA,no
JUL,no,NA,NA,no
JUM,no,NA,NA,no
JUN,no,NA,NA,no
JUP,no,NA,NA,no
JUS,no,NA,NA,no
KAD,no,NA,NA,yes
KAH,yes,yes,20,no
KAI,no,NA,NA,no
KAM,no,NA,NA,no
KAN,no,NA,NA,no
KAR,no,NA,NA,no
KAS,no,NA,NA,no
KAZ,no,NA,NA,yes
KDA,no,NA,NA,no
KEA,no,NA,NA,no
KEE,no,NA,NA,no
KEL,no,NA,NA,no
KEN,no,NA,NA,no
KER,no,NA,NA,no
KEY,no,NA,NA,no
KIM,no,NA,NA,no
KIN,no,NA,NA,no
KLA,yes,yes,49,no
KLI,no,NA,NA,no
KLN,no,NA,NA,yes
KMO,no,NA,NA,yes
KNA,no,NA,NA,yes
KNB,no,NA,NA,yes
KNI,no,NA,NA,no
KNU,no,NA,NA,no
KOA,no,NA,NA,yes
KON,no,NA,NA,yes
KRA,no,NA,NA,no
KRP,no,NA,NA,no
KRU,no,NA,NA,yes
KTY,no,NA,NA,no
KUD,no,NA,NA,no
KYR,no,NA,NA,no
LAC,no,NA,NA,no
LAG,no,NA,NA,no
LAL,no,NA,NA,no
LAM,no,NA,NA,no
LAN,no,NA,NA,no
LAR,no,NA,NA,yes
LAS,no,NA,NA,yes
LAT,no,NA,NA,no
LAU,no,NA,NA,no
LAW,no,NA,NA,no
LAY,no,NA,NA,no
LEA,no,NA,NA,no
LEC,no,NA,NA,no
LEE,no,NA,NA,yes
LEH,no,NA,NA,no
LEM,no,NA,NA,no
LEN,no,NA,NA,no
LEO,no,NA,NA,no
LES,no,NA,NA,no
LET,no,NA,NA,no
LEV,no,NA,NA,yes
LGT,no,NA,NA,no
LIA,no,NA,NA,no
LIB,no,NA,NA,yes
LIE,yes,yes,26,no
LIH,no,NA,NA,no
LIL,no,NA,NA,no
LIM,no,NA,NA,yes
LIN,no,NA,NA,no
LIS,no,NA,NA,yes
LIZ,yes,no,44,yes
LLO,no,NA,NA,no
LMC,no,NA,NA,no
LMM,no,NA,NA,yes
LMP,no,NA,NA,yes
LOI,no,NA,NA,no
LOL,no,NA,NA,no
LOO,no,NA,NA,no
LOR,no,NA,NA,no
LOU,no,NA,NA,no
LUA,no,NA,NA,no
LUC,no,NA,NA,no
LUK,no,NA,NA,no
LUY,no,NA,NA,yes
LWS,no,NA,NA,no
LYN,no,NA,NA,no
MAA,yes,yes,48,no
MAC,no,NA,NA,no
MAD,no,NA,NA,no
MAE,no,NA,NA,no
MAG,no,NA,NA,no
MAI,no,NA,NA,no
MAJ,no,NA,NA,no
MAK,no,NA,NA,no
MAL,yes,yes,35,no
MAN,no,NA,NA,no
MAO,no,NA,NA,no
MAR,yes,yes,1,no
MAS,no,NA,NA,yes
MAT,no,NA,NA,no
MAV,no,NA,NA,no
MAX,no,NA,NA,no
MAY,yes,yes,23,no
MAZ,no,NA,NA,yes
MCA,no,NA,NA,no
MCF,no,NA,NA,yes
MCH,no,NA,NA,yes
MCJ,no,NA,NA,no
MCK,no,NA,NA,no
MCO,no,NA,NA,no
MDA,no,NA,NA,yes
MEE,no,NA,NA,no
MEL,no,NA,NA,no
MEN,no,NA,NA,no
MER,no,NA,NA,yes
MEZ,no,NA,NA,yes
MHA,no,NA,NA,yes
MIA,no,NA,NA,yes
MIC,no,NA,NA,no
MIH,no,NA,NA,no
MIK,no,NA,NA,no
MIL,no,NA,NA,no
MIO,no,NA,NA,no
MIS,no,NA,NA,yes
MIT,no,NA,NA,no
MIU,no,NA,NA,no
MJA,no,NA,NA,no
MKA,no,NA,NA,yes
MLD,no,NA,NA,yes
MLT,no,NA,NA,yes
MMO,no,NA,NA,yes
MNK,no,NA,NA,yes
MNN,no,NA,NA,no
MOC,no,NA,NA,yes
MOE,yes,yes,14,no
MOG,no,NA,NA,yes
MOI,no,NA,NA,yes
MOJ,yes,yes,9,no
MOL,no,NA,NA,no
MON,no,NA,NA,no
MOO,no,NA,NA,no
MOR,no,NA,NA,no
MOS,no,NA,NA,yes
MOT,no,NA,NA,no
MOY,no,NA,NA,no
MRC,no,NA,NA,yes
MRE,no,NA,NA,no
MRK,no,NA,NA,no
MRL,no,NA,NA,yes
MRN,no,NA,NA,no
MRT,no,NA,NA,no
MSH,no,NA,NA,yes
MTH,no,NA,NA,no
MTR,no,NA,NA,no
MTY,no,NA,NA,yes
MTZ,no,NA,NA,no
MUD,no,NA,NA,no
MUE,no,NA,NA,no
MUF,no,NA,NA,no
MUL,no,NA,NA,no
MUR,no,NA,NA,no
MUS,no,NA,NA,no
MYO,no,NA,NA,no
MYS,no,NA,NA,no
NAC,no,NA,NA,no
NAD,no,NA,NA,yes
NAS,no,NA,NA,no
NAT,no,NA,NA,no
NED,no,NA,NA,yes
NEE,no,NA,NA,yes
NEF,no,NA,NA,no
NEI,no,NA,NA,no
NEL,no,NA,NA,no
NEM,no,NA,NA,no
NIA,no,NA,NA,yes
NIB,no,NA,NA,no
NIC,no,NA,NA,no
NIK,no,NA,NA,yes
NIN,no,NA,NA,yes
NIR,no,NA,NA,yes
NIS,no,NA,NA,no
NLE,no,NA,NA,no
NOA,no,NA,NA,no
NOB,no,NA,NA,no
NOF,no,NA,NA,no
NOM,no,NA,NA,no
NOR,no,NA,NA,no
NOT,no,NA,NA,no
NTE,no,NA,NA,no
NTH,no,NA,NA,no
NTR,no,NA,NA,yes
NUD,no,NA,NA,yes
OAK,no,NA,NA,no
OBA,no,NA,NA,no
OBE,no,NA,NA,no
OBR,no,NA,NA,no
ODB,no,NA,NA,no
OKH,no,NA,NA,yes
OLE,no,NA,NA,no
OLY,no,NA,NA,yes
OPH,no,NA,NA,no
OPR,no,NA,NA,no
ORA,no,NA,NA,no
ORE,no,NA,NA,no
OSC,no,NA,NA,no
OSM,no,NA,NA,no
OSP,yes,yes,45,no
OST,no,NA,NA,yes
OSW,no,NA,NA,no
OTH,no,NA,NA,no
OTT,no,NA,NA,no
OUC,no,NA,NA,yes
OUZ,no,NA,NA,no
OVE,no,NA,NA,no
OVO,no,NA,NA,no
OYA,no,NA,NA,yes
PAD,no,NA,NA,yes
PAI,no,NA,NA,no
PAL,no,NA,NA,no
PAM,no,NA,NA,no
PAN,no,NA,NA,no
PAR,no,NA,NA,no
PAS,no,NA,NA,yes
PAT,no,NA,NA,no
PAU,no,NA,NA,no
PAW,no,NA,NA,yes
PCT,no,NA,NA,no
PEA,yes,yes,17,no
PEC,no,NA,NA,no
PED,no,NA,NA,no
PEN,no,NA,NA,yes
PEP,no,NA,NA,no
PER,no,NA,NA,yes
PET,no,NA,NA,no
PEY,no,NA,NA,yes
PGN,no,NA,NA,yes
PGY,no,NA,NA,yes
PHA,no,NA,NA,no
PHI,no,NA,NA,no
PIA,no,NA,NA,yes
PIC,no,NA,NA,no
PIE,no,NA,NA,no
PIM,yes,yes,47,no
PIN,yes,yes,12,no
PIP,no,NA,NA,yes
PIR,no,NA,NA,no
PJA,no,NA,NA,yes
PLA,no,NA,NA,no
PLM,no,NA,NA,yes
PLO,no,NA,NA,no
PML,no,NA,NA,no
PNA,no,NA,NA,no
PNN,no,NA,NA,yes
POB,no,NA,NA,no
POE,no,NA,NA,no
POI,no,NA,NA,no
POK,no,NA,NA,yes
PON,no,NA,NA,no
POO,no,NA,NA,yes
POP,no,NA,NA,yes
POR,no,NA,NA,no
POS,no,NA,NA,no
POT,yes,yes,52,no
POW,no,NA,NA,no
POX,no,NA,NA,no
PPY,no,NA,NA,no
PRC,no,NA,NA,yes
PRH,no,NA,NA,yes
PRI,no,NA,NA,no
PRK,no,NA,NA,no
PRO,no,NA,NA,yes
PTA,no,NA,NA,yes
PTG,no,NA,NA,yes
PUA,no,NA,NA,no
PUC,no,NA,NA,yes
PUM,no,NA,NA,no
PUN,no,NA,NA,no
PUP,no,NA,NA,no
PUT,no,NA,NA,no
PYT,no,NA,NA,no
QUA,yes,yes,65,no
RAD,no,NA,NA,no
RAG,no,NA,NA,no
RAH,no,NA,NA,no
RAL,no,NA,NA,no
RAM,no,NA,NA,no
RAN,no,NA,NA,no
RAP,no,NA,NA,yes
RAS,no,NA,NA,no
RAT,no,NA,NA,no
RAU,no,NA,NA,no
RBY,no,NA,NA,no
RCO,no,NA,NA,no
RCY,no,NA,NA,yes
RDA,yes,no,68,no
RED,no,NA,NA,no
REE,no,NA,NA,no
REG,no,NA,NA,yes
REX,no,NA,NA,no
RGN,no,NA,NA,yes
RHI,no,NA,NA,no
RHY,yes,yes,39,no
RIC,no,NA,NA,no
RID,no,NA,NA,yes
RIN,no,NA,NA,no
RIO,yes,yes,21,no
RIS,no,NA,NA,yes
RIT,no,NA,NA,yes
RJA,yes,no,76,no
RLF,no,NA,NA,yes
RNA,no,NA,NA,no
ROB,no,NA,NA,no
ROC,no,NA,NA,no
ROG,no,NA,NA,no
ROH,no,NA,NA,no
ROK,no,NA,NA,yes
RON,no,NA,NA,no
ROO,no,NA,NA,yes
ROS,no,NA,NA,no
ROT,no,NA,NA,no
ROY,no,NA,NA,no
RPC,no,NA,NA,no
RTR,no,NA,NA,no
RUD,no,NA,NA,no
RUM,no,NA,NA,yes
RYA,no,NA,NA,no
RYL,no,NA,NA,no
RYM,no,NA,NA,yes
SAI,no,NA,NA,no
SAL,no,NA,NA,no
SAM,yes,yes,24,no
SAN,yes,no,42,no
SAR,no,NA,NA,no
SAS,no,NA,NA,no
SAV,no,NA,NA,no
SAW,no,NA,NA,no
SCA,no,NA,NA,no
SCH,no,NA,NA,no
SCN,no,NA,NA,no
SCO,no,NA,NA,no
SCT,yes,yes,50,no
SDR,no,NA,NA,no
SER,no,NA,NA,no
SGO,no,NA,NA,yes
SHA,no,NA,NA,no
SHD,no,NA,NA,no
SHE,no,NA,NA,no
SHI,no,NA,NA,no
SHK,no,NA,NA,no
SHM,no,NA,NA,yes
SHN,no,NA,NA,no
SHO,yes,yes,32,no
SHP,no,NA,NA,yes
SHR,no,NA,NA,yes
SHU,no,NA,NA,yes
SHW,no,NA,NA,no
SIC,no,NA,NA,yes
SIE,no,NA,NA,no
SIL,yes,yes,34,no
SIM,no,NA,NA,no
SIN,no,NA,NA,no
SIO,no,NA,NA,no
SIP,no,NA,NA,no
SIV,no,NA,NA,no
SJA,no,NA,NA,no
SKE,no,NA,NA,no
SKP,no,NA,NA,no
SKT,no,NA,NA,yes
SKU,no,NA,NA,no
SLK,no,NA,NA,no
SLM,no,NA,NA,no
SLO,no,NA,NA,yes
SLR,no,NA,NA,yes
SLS,no,NA,NA,yes
SLU,no,NA,NA,no
SLV,no,NA,NA,no
SLY,no,NA,NA,no
SME,no,NA,NA,yes
SMI,yes,yes,41,no
SML,no,NA,NA,yes
SMO,no,NA,NA,no
SMU,no,NA,NA,no
SNA,no,NA,NA,no
SND,no,NA,NA,yes
SNE,no,NA,NA,no
SNG,no,NA,NA,yes
SNO,no,NA,NA,no
SNR,no,NA,NA,no
SNU,no,NA,NA,no
SOF,no,NA,NA,no
SOM,no,NA,NA,no
SOP,no,NA,NA,no
SOT,no,NA,NA,yes
SOU,no,NA,NA,no
SOW,no,NA,NA,yes
SPA,no,NA,NA,no
SPC,no,NA,NA,no
SPD,no,NA,NA,no
SPG,no,NA,NA,no
SPI,yes,yes,10,no
SPL,no,NA,NA,no
SPN,no,NA,NA,yes
SPO,no,NA,NA,no
SPP,no,NA,NA,no
SPR,no,NA,NA,no
SPT,no,NA,NA,yes
SPU,no,NA,NA,no
SPW,no,NA,NA,yes
SPY,no,NA,NA,yes
SPZ,no,NA,NA,yes
SRI,no,NA,NA,yes
SRT,no,NA,NA,yes
SSA,no,NA,NA,yes
STA,no,NA,NA,no
STB,no,NA,NA,yes
STE,no,NA,NA,no
STG,no,NA,NA,yes
STH,no,NA,NA,yes
STI,no,NA,NA,no
STN,no,NA,NA,no
STO,no,NA,NA,no
STP,no,NA,NA,no
STR,no,NA,NA,no
STU,no,NA,NA,no
SUE,no,NA,NA,no
SUM,no,NA,NA,no
SUN,yes,yes,6,no
SUS,no,NA,NA,no
SWA,no,NA,NA,yes
SYR,yes,no,72,yes
TAL,no,NA,NA,no
TAM,no,NA,NA,no
TAN,no,NA,NA,yes
TAP,yes,yes,27,yes
TAR,no,NA,NA,yes
TAS,no,NA,NA,no
TBI,no,NA,NA,no
TCY,no,NA,NA,no
TEC,no,NA,NA,no
TEO,no,NA,NA,no
TEQ,yes,yes,2,no
TER,no,NA,NA,no
THE,no,NA,NA,no
THI,no,NA,NA,no
THM,no,NA,NA,no
THO,no,NA,NA,no
TIA,no,NA,NA,no
TIC,no,NA,NA,no
TIG,no,NA,NA,yes
TIK,no,NA,NA,no
TIL,no,NA,NA,no
TIM,no,NA,NA,no
TIN,no,NA,NA,no
TIO,no,NA,NA,no
TIS,no,NA,NA,no
TIT,no,NA,NA,yes
TIZ,no,NA,NA,yes
TLI,no,NA,NA,no
TNK,no,NA,NA,yes
TOB,no,NA,NA,no
TOD,no,NA,NA,no
TOK,no,NA,NA,yes
TOM,no,NA,NA,no
TON,no,NA,NA,yes
TOP,no,NA,NA,no
TOR,no,NA,NA,no
TOT,no,NA,NA,no
TOY,no,NA,NA,no
TRA,no,NA,NA,no
TRC,no,NA,NA,no
TRE,no,NA,NA,no
TRG,no,NA,NA,no
TRI,yes,yes,3,no
TRN,no,NA,NA,yes
TRO,no,NA,NA,no
TRU,no,NA,NA,no
TRY,no,NA,NA,no
TTS,no,NA,NA,no
TUK,yes,yes,25,no
TUN,yes,yes,55,no
TUP,no,NA,NA,no
TUR,no,NA,NA,no
TWI,no,NA,NA,no
TYL,no,NA,NA,yes
TYS,no,NA,NA,no
ULL,no,NA,NA,no
ULY,no,NA,NA,yes
UMI,no,NA,NA,yes
UST,no,NA,NA,no
UTA,no,NA,NA,yes
UTP,no,NA,NA,no
UWE,no,NA,NA,no
VAL,no,NA,NA,no
VAN,no,NA,NA,yes
VAS,no,NA,NA,no
VEA,no,NA,NA,no
VEN,yes,no,75,no
VET,no,NA,NA,yes
VIC,no,NA,NA,no
VIN,yes,yes,5,no
VIO,no,NA,NA,yes
VIR,no,NA,NA,yes
VIT,no,NA,NA,no
VJA,no,NA,NA,no
VLA,no,NA,NA,no
VNS,no,NA,NA,no
VOL,no,NA,NA,no
WAA,no,NA,NA,no
WAH,no,NA,NA,no
WAK,no,NA,NA,yes
WAL,no,NA,NA,yes
WAR,no,NA,NA,no
WCO,no,NA,NA,no
WER,no,NA,NA,no
WHI,yes,yes,53,no
WHS,no,NA,NA,yes
WIL,no,NA,NA,yes
WIM,no,NA,NA,no
WIN,no,NA,NA,no
WIT,yes,yes,60,no
WIZ,no,NA,NA,no
WLW,no,NA,NA,yes
WMX,no,NA,NA,no
WOB,no,NA,NA,no
WOE,no,NA,NA,yes
WOO,no,NA,NA,no
WTR,no,NA,NA,no
XAV,no,NA,NA,no
YAB,no,NA,NA,no
YAL,no,NA,NA,no
YAR,no,NA,NA,yes
YOU,no,NA,NA,yes
ZAC,no,NA,NA,no
ZAD,no,NA,NA,no
ZAP,no,NA,NA,yes
ZAR,no,NA,NA,no
ZAZ,no,NA,NA,no
ZEB,no,NA,NA,no
ZED,no,NA,NA,no
ZEN,no,NA,NA,no
ZEU,no,NA,NA,no
ZMT,no,NA,NA,yes
ZOL,no,NA,NA,no
ZOR,no,NA,NA,no
